{"train/acc_step":0.78125,"trainer/global_step":889,"valid/precision_micro":0.593244194984436,"Incorrect Predictions":{"_latest_artifact_path":"wandb-client-artifact://sr7miqny1pbih1km7onx0vi64rmu4d7t3qofy1q4rcsfokg6i0de3fzeaxje6k4397z0sudr6hmp39qi2zx7aqvxqbbqyor7dlovgs92hefflnvies3173bz97p5rvly:latest/Incorrect Predictions.table.json","path":"media/table/Incorrect Predictions_35_82271356f212eef86ba4.table.json","ncols":3,"nrows":13,"_type":"table-file","sha256":"82271356f212eef86ba4c4e7edfd1d972b9de79234179736856820c1085bbd9a","size":322,"artifact_path":"wandb-client-artifact://6dth5t0acj3ltclozttuzg93547gnk9kl41xsr2mahyyki5gs83n0l7zn14qk8x8kwwastfabydbkkn1xk7q45eueahd1fp3ndhdsh2nka0px5fey090yttvlhu9nbyp/Incorrect Predictions.table.json"},"valid/loss":0.5035215616226196,"train/acc_epoch":0.6735879182815552,"valid/f1":0.7419255971908569,"_step":38,"_timestamp":1.728990881644619e+09,"_runtime":426.4793358,"train/loss_epoch":0.14368750154972076,"conf_table":{"artifact_path":"wandb-client-artifact://aa7gk12rb35opwbgokqn77x0mbc9nm13u0h5qcivrdhqmi7yml1295s3im6hynaj9gyfw9ub2i1wa77o2uxuo7cugdwjxrwrmnt5byflwcuzxvcbhc7bfempmm60uhc5/conf_table.table.json","_latest_artifact_path":"wandb-client-artifact://owf1leup7u0iihsygmx0yhjfpokuocsokkxka7zuzxuyba2azss8ck82nbkxpdfqm5y1fdpkjzcp802gq4u5x6kv8tl2znz880r7vrplogv2oegena21d08yyk5jm1ur:latest/conf_table.table.json","path":"media/table/conf_table_36_5e549f651adf6864c38f.table.json","ncols":3,"nrows":4,"_type":"table-file","sha256":"5e549f651adf6864c38f52145c9270a2b1014ceaaf1950be1d024e71e6f74e5e","size":176},"epoch":4,"_wandb":{"runtime":436},"train/loss_step":0.1560804843902588,"valid/recall_macro":1,"valid/precision_macro":0.593244194984436,"valid/acc":0.593244194984436,"valid/recall_micro":1}